9f86d081884c7d659a2feaa0c55ad015a3bf4f1b2b0b822cd15d6c15b0f00a08,Pâte thermique Arctic MX-4,6.0,300
9f86d081884c7d659a2feaa0c55ad015a3bf4f1b2b0b822cd15d6c15b0f00a08,Câble USB-C 2m tressé,15.0,150
9f86d081884c7d659a2feaa0c55ad015a3bf4f1b2b0b822cd15d6c15b0f00a08,Clé USB Kingston 128Go,19.0,150
9f86d081884c7d659a2feaa0c55ad015a3bf4f1b2b0b822cd15d6c15b0f00a08,Tapis de refroidissement pour PC portable,19.0,90
9f86d081884c7d659a2feaa0c55ad015a3bf4f1b2b0b822cd15d6c15b0f00a08,Haut-parleurs Creative Pebble 2.0,25.0,100
9f86d081884c7d659a2feaa0c55ad015a3bf4f1b2b0b822cd15d6c15b0f00a08,Hub USB-C Aukey,29.0,75
9f86d081884c7d659a2feaa0c55ad015a3bf4f1b2b0b822cd15d6c15b0f00a08,Switch réseau TP-Link 8 ports,29.0,60
9f86d081884c7d659a2feaa0c55ad015a3bf4f1b2b0b822cd15d6c15b0f00a08,Clé USB Samsung FIT Plus 128Go,29.0,50
9f86d081884c7d659a2feaa0c55ad015a3bf4f1b2b0b822cd15d6c15b0f00a08,Tapis de souris Corsair MM300,39.0,40
9f86d081884c7d659a2feaa0c55ad015a3bf4f1b2b0b822cd15d6c15b0f00a08,Support pour moniteur,39.0,35
9f86d081884c7d659a2feaa0c55ad015a3bf4f1b2b0b822cd15d6c15b0f00a08,Enceinte intelligente Amazon Echo Dot,49.0,100
9f86d081884c7d659a2feaa0c55ad015a3bf4f1b2b0b822cd15d6c15b0f00a08,Tapis de souris Logitech G640,49.0,30
9f86d081884c7d659a2feaa0c55ad015a3bf4f1b2b0b822cd15d6c15b0f00a08,Disque dur interne Seagate Barracuda 2To,59.0,50
9f86d081884c7d659a2feaa0c55ad015a3bf4f1b2b0b822cd15d6c15b0f00a08,Batterie externe Anker PowerCore 26800,59.0,30
9f86d081884c7d659a2feaa0c55ad015a3bf4f1b2b0b822cd15d6c15b0f00a08,Chargeur sans fil Samsung Duo,69.0,25
9f86d081884c7d659a2feaa0c55ad015a3bf4f1b2b0b822cd15d6c15b0f00a08,RAM Corsair Vengeance 16Go DDR4,79.0,45
9f86d081884c7d659a2feaa0c55ad015a3bf4f1b2b0b822cd15d6c15b0f00a08,Souris Bluetooth Microsoft Arc,79.0,35
9f86d081884c7d659a2feaa0c55ad015a3bf4f1b2b0b822cd15d6c15b0f00a08,Disque SSD externe SanDisk 500Go,89.0,30
9f86d081884c7d659a2feaa0c55ad015a3bf4f1b2b0b822cd15d6c15b0f00a08,Clé USB SanDisk Extreme Pro 256Go,89.0,25
9f86d081884c7d659a2feaa0c55ad015a3bf4f1b2b0b822cd15d6c15b0f00a08,SSD externe Crucial X6 1To,99.0,30
9f86d081884c7d659a2feaa0c55ad015a3bf4f1b2b0b822cd15d6c15b0f00a08,Lecteur/graveur Blu-ray externe LG,99.0,25
9f86d081884c7d659a2feaa0c55ad015a3bf4f1b2b0b822cd15d6c15b0f00a08,Clavier Logitech K800 sans fil,99.0,15
9f86d081884c7d659a2feaa0c55ad015a3bf4f1b2b0b822cd15d6c15b0f00a08,SSD Samsung 970 EVO Plus 1To,119.0,30
9f86d081884c7d659a2feaa0c55ad015a3bf4f1b2b0b822cd15d6c15b0f00a08,Souris sans fil Logitech MX Master 3S,129.0,25
9f86d081884c7d659a2feaa0c55ad015a3bf4f1b2b0b822cd15d6c15b0f00a08,Microphone Blue Yeti USB,129.0,20
9f86d081884c7d659a2feaa0c55ad015a3bf4f1b2b0b822cd15d6c15b0f00a08,Webcam 4K Ultra HD NexiGo,129.0,18
9f86d081884c7d659a2feaa0c55ad015a3bf4f1b2b0b822cd15d6c15b0f00a08,Routeur Wi-Fi TP-Link AX73,139.0,18
9f86d081884c7d659a2feaa0c55ad015a3bf4f1b2b0b822cd15d6c15b0f00a08,Microphone Rode NT-USB,149.0,25
9f86d081884c7d659a2feaa0c55ad015a3bf4f1b2b0b822cd15d6c15b0f00a08,Haut-parleurs Logitech Z623,149.0,15
9f86d081884c7d659a2feaa0c55ad015a3bf4f1b2b0b822cd15d6c15b0f00a08,Ventirad Corsair iCUE H100i Elite,149.0,10
9f86d081884c7d659a2feaa0c55ad015a3bf4f1b2b0b822cd15d6c15b0f00a08,Alimentation be quiet! Straight Power 11 850W,159.0,12
9f86d081884c7d659a2feaa0c55ad015a3bf4f1b2b0b822cd15d6c15b0f00a08,Ecouteurs Jabra Elite Active 75t,179.0,11
9f86d081884c7d659a2feaa0c55ad015a3bf4f1b2b0b822cd15d6c15b0f00a08,Lecteur multimédia NVIDIA Shield TV Pro,199.0,20
9f86d081884c7d659a2feaa0c55ad015a3bf4f1b2b0b822cd15d6c15b0f00a08,Webcam Logitech Brio 4K,199.0,10
9f86d081884c7d659a2feaa0c55ad015a3bf4f1b2b0b822cd15d6c15b0f00a08,Clavier Logitech G915 TKL,229.0,15
9f86d081884c7d659a2feaa0c55ad015a3bf4f1b2b0b822cd15d6c15b0f00a08,Disque SSD externe Samsung T7 Touch 2To,249.0,15
9f86d081884c7d659a2feaa0c55ad015a3bf4f1b2b0b822cd15d6c15b0f00a08,Switch réseau Netgear 24 ports,249.0,10
9f86d081884c7d659a2feaa0c55ad015a3bf4f1b2b0b822cd15d6c15b0f00a08,Disque dur Seagate Expansion 10To,249.0,8
9f86d081884c7d659a2feaa0c55ad015a3bf4f1b2b0b822cd15d6c15b0f00a08,Station d'accueil USB-C CalDigit TS3 Plus,299.0,10
9f86d081884c7d659a2feaa0c55ad015a3bf4f1b2b0b822cd15d6c15b0f00a08,Carte mère MSI MPG Z690,299.0,8
9f86d081884c7d659a2feaa0c55ad015a3bf4f1b2b0b822cd15d6c15b0f00a08,Ecran 32 Samsung Odyssey G5,349.0,15
9f86d081884c7d659a2feaa0c55ad015a3bf4f1b2b0b822cd15d6c15b0f00a08,Routeur gaming ASUS RT-AX88U,349.0,10
9f86d081884c7d659a2feaa0c55ad015a3bf4f1b2b0b822cd15d6c15b0f00a08,Casque VR Oculus Quest 2,399.0,15
9f86d081884c7d659a2feaa0c55ad015a3bf4f1b2b0b822cd15d6c15b0f00a08,Microphone Shure SM7B,399.0,5
9f86d081884c7d659a2feaa0c55ad015a3bf4f1b2b0b822cd15d6c15b0f00a08,Moniteur LG UltraWide 34,499.0,12
9f86d081884c7d659a2feaa0c55ad015a3bf4f1b2b0b822cd15d6c15b0f00a08,Routeur Wi-Fi Mesh Netgear Orbi RBK852,599.0,10
9f86d081884c7d659a2feaa0c55ad015a3bf4f1b2b0b822cd15d6c15b0f00a08,Carte graphique NVIDIA RTX 4070,599.0,10
9f86d081884c7d659a2feaa0c55ad015a3bf4f1b2b0b822cd15d6c15b0f00a08,Tablette Samsung Galaxy Tab S8,799.0,12
9f86d081884c7d659a2feaa0c55ad015a3bf4f1b2b0b822cd15d6c15b0f00a08,Ecran 27 Dell UltraSharp 4K,799.0,8
9f86d081884c7d659a2feaa0c55ad015a3bf4f1b2b0b822cd15d6c15b0f00a08,Ordinateur portable HP Envy,999.0,25
9f86d081884c7d659a2feaa0c55ad015a3bf4f1b2b0b822cd15d6c15b0f00a08,Carte graphique NVIDIA RTX 4080,1199.0,6
04f8996da763b7a969b1028ee3007569eaf3a635486ddab211d512c85b9df8fb,Câble HDMI 4K 2m,9.0,200
04f8996da763b7a969b1028ee3007569eaf3a635486ddab211d512c85b9df8fb,Support pour casque gamer,15.0,100
04f8996da763b7a969b1028ee3007569eaf3a635486ddab211d512c85b9df8fb,Adaptateur USB-C vers HDMI,19.0,150
04f8996da763b7a969b1028ee3007569eaf3a635486ddab211d512c85b9df8fb,Ventilateur Noctua NF-S12A PWM,19.0,50
04f8996da763b7a969b1028ee3007569eaf3a635486ddab211d512c85b9df8fb,Boîtier externe pour disque dur USB 3.0,25.0,50
04f8996da763b7a969b1028ee3007569eaf3a635486ddab211d512c85b9df8fb,Chargeur USB multiports Aukey,29.0,75
04f8996da763b7a969b1028ee3007569eaf3a635486ddab211d512c85b9df8fb,Ventilateur PC Noctua NF-A12x25,29.0,50
04f8996da763b7a969b1028ee3007569eaf3a635486ddab211d512c85b9df8fb,Câble HDMI 2.1 8K 3m,29.0,40
04f8996da763b7a969b1028ee3007569eaf3a635486ddab211d512c85b9df8fb,Chargeur USB-C Anker 65W,39.0,40
04f8996da763b7a969b1028ee3007569eaf3a635486ddab211d512c85b9df8fb,Chargeur sans fil Belkin Boost Up 10W,39.0,30
04f8996da763b7a969b1028ee3007569eaf3a635486ddab211d512c85b9df8fb,Clavier sans fil Logitech K380,49.0,60
04f8996da763b7a969b1028ee3007569eaf3a635486ddab211d512c85b9df8fb,Carte son externe Behringer UMC22,49.0,30
04f8996da763b7a969b1028ee3007569eaf3a635486ddab211d512c85b9df8fb,Souris gamer Razer DeathAdder V2,59.0,45
04f8996da763b7a969b1028ee3007569eaf3a635486ddab211d512c85b9df8fb,Webcam Logitech C920,59.0,25
04f8996da763b7a969b1028ee3007569eaf3a635486ddab211d512c85b9df8fb,Boîtier PC Cooler Master MasterBox Q300L,69.0,20
04f8996da763b7a969b1028ee3007569eaf3a635486ddab211d512c85b9df8fb,Casque gamer HyperX Cloud II,79.0,40
04f8996da763b7a969b1028ee3007569eaf3a635486ddab211d512c85b9df8fb,Disque dur interne Seagate FireCuda 1To,79.0,25
04f8996da763b7a969b1028ee3007569eaf3a635486ddab211d512c85b9df8fb,Clavier mécanique Keychron K2,89.0,30
04f8996da763b7a969b1028ee3007569eaf3a635486ddab211d512c85b9df8fb,Ventirad be quiet! Dark Rock Pro 4,89.0,15
04f8996da763b7a969b1028ee3007569eaf3a635486ddab211d512c85b9df8fb,Boîtier PC NZXT H510,99.0,30
04f8996da763b7a969b1028ee3007569eaf3a635486ddab211d512c85b9df8fb,Station de charge Belkin MagSafe,99.0,20
04f8996da763b7a969b1028ee3007569eaf3a635486ddab211d512c85b9df8fb,Disque SSD externe Western Digital 1To,109.0,25
04f8996da763b7a969b1028ee3007569eaf3a635486ddab211d512c85b9df8fb,Alimentation Corsair RM750x 750W,119.0,22
04f8996da763b7a969b1028ee3007569eaf3a635486ddab211d512c85b9df8fb,Micro-casque Plantronics Voyager 5200,129.0,25
04f8996da763b7a969b1028ee3007569eaf3a635486ddab211d512c85b9df8fb,Disque dur interne Toshiba X300 4To,129.0,20
04f8996da763b7a969b1028ee3007569eaf3a635486ddab211d512c85b9df8fb,Onduleur APC 1000VA,129.0,15
04f8996da763b7a969b1028ee3007569eaf3a635486ddab211d512c85b9df8fb,Caméra de conférence Poly Studio P5,139.0,10
04f8996da763b7a969b1028ee3007569eaf3a635486ddab211d512c85b9df8fb,Clavier mécanique Corsair K70,149.0,20
04f8996da763b7a969b1028ee3007569eaf3a635486ddab211d512c85b9df8fb,Carte son Creative Sound BlasterX AE-5,149.0,15
04f8996da763b7a969b1028ee3007569eaf3a635486ddab211d512c85b9df8fb,Alimentation EVGA SuperNOVA 850W,149.0,10
04f8996da763b7a969b1028ee3007569eaf3a635486ddab211d512c85b9df8fb,Station météo connectée Netatmo,179.0,25
04f8996da763b7a969b1028ee3007569eaf3a635486ddab211d512c85b9df8fb,Ecouteurs sans fil Jabra Elite 85t,199.0,35
04f8996da763b7a969b1028ee3007569eaf3a635486ddab211d512c85b9df8fb,Disque dur NAS WD Red 8To,199.0,20
04f8996da763b7a969b1028ee3007569eaf3a635486ddab211d512c85b9df8fb,Clavier mécanique SteelSeries Apex Pro,199.0,10
04f8996da763b7a969b1028ee3007569eaf3a635486ddab211d512c85b9df8fb,Alimentation Seasonic Prime TX-750,229.0,10
04f8996da763b7a969b1028ee3007569eaf3a635486ddab211d512c85b9df8fb,Barre de son Bose TV Speaker,249.0,15
04f8996da763b7a969b1028ee3007569eaf3a635486ddab211d512c85b9df8fb,Ecran tactile Dell 24,249.0,10
04f8996da763b7a969b1028ee3007569eaf3a635486ddab211d512c85b9df8fb,Processeur AMD Ryzen 5 5600X,259.0,15
04f8996da763b7a969b1028ee3007569eaf3a635486ddab211d512c85b9df8fb,Imprimante laser Brother HL-L8360CDW,299.0,10
04f8996da763b7a969b1028ee3007569eaf3a635486ddab211d512c85b9df8fb,Caméra de surveillance Arlo Pro 4,299.0,8
04f8996da763b7a969b1028ee3007569eaf3a635486ddab211d512c85b9df8fb,Serveur NAS Synology DS220+,349.0,12
04f8996da763b7a969b1028ee3007569eaf3a635486ddab211d512c85b9df8fb,Casque Bluetooth Sony WH-1000XM5,349.0,8
04f8996da763b7a969b1028ee3007569eaf3a635486ddab211d512c85b9df8fb,Ecran gamer MSI Optix 32,399.0,12
04f8996da763b7a969b1028ee3007569eaf3a635486ddab211d512c85b9df8fb,Processeur Intel Core i7-12700K,419.0,10
04f8996da763b7a969b1028ee3007569eaf3a635486ddab211d512c85b9df8fb,Processeur Intel Core i7-13700K,499.0,5
04f8996da763b7a969b1028ee3007569eaf3a635486ddab211d512c85b9df8fb,Processeur Intel Core i9-13900K,599.0,10
04f8996da763b7a969b1028ee3007569eaf3a635486ddab211d512c85b9df8fb,Ecran Acer Predator XB271HU 27,649.0,10
04f8996da763b7a969b1028ee3007569eaf3a635486ddab211d512c85b9df8fb,Processeur AMD Ryzen 9 7900X,799.0,8
04f8996da763b7a969b1028ee3007569eaf3a635486ddab211d512c85b9df8fb,Carte graphique MSI RTX 3080,799.0,6
04f8996da763b7a969b1028ee3007569eaf3a635486ddab211d512c85b9df8fb,Ecran ASUS ProArt 32,999.0,5
04f8996da763b7a969b1028ee3007569eaf3a635486ddab211d512c85b9df8fb,Ecran 4K ASUS ROG Swift 32,1299.0,6
6025d18fe48abd45168528f18a82e265dd98d421a7084aa09f61b341703901a3,Câble Ethernet CAT 6 10m,15.0,200
6025d18fe48abd45168528f18a82e265dd98d421a7084aa09f61b341703901a3,Tapis de souris SteelSeries QcK+,15.0,80
6025d18fe48abd45168528f18a82e265dd98d421a7084aa09f61b341703901a3,Hub USB 3.0 Sabrent 4 ports,19.0,100
6025d18fe48abd45168528f18a82e265dd98d421a7084aa09f61b341703901a3,Chargeur sans fil Anker PowerWave 15W,19.0,50
6025d18fe48abd45168528f18a82e265dd98d421a7084aa09f61b341703901a3,Chargeur voiture USB-C 45W,29.0,90
6025d18fe48abd45168528f18a82e265dd98d421a7084aa09f61b341703901a3,Adaptateur secteur universel,29.0,75
6025d18fe48abd45168528f18a82e265dd98d421a7084aa09f61b341703901a3,Support réglable pour ordinateur portable,29.0,50
6025d18fe48abd45168528f18a82e265dd98d421a7084aa09f61b341703901a3,Caméra de sécurité Wi-Fi TP-Link Tapo,39.0,80
6025d18fe48abd45168528f18a82e265dd98d421a7084aa09f61b341703901a3,Batterie externe Anker 20000mAh,39.0,40
6025d18fe48abd45168528f18a82e265dd98d421a7084aa09f61b341703901a3,Boîtier externe USB-C pour SSD NVMe,39.0,25
6025d18fe48abd45168528f18a82e265dd98d421a7084aa09f61b341703901a3,Tapis de souris RGB SteelSeries QcK Prism,49.0,40
6025d18fe48abd45168528f18a82e265dd98d421a7084aa09f61b341703901a3,Switch KVM HDMI USB,49.0,25
6025d18fe48abd45168528f18a82e265dd98d421a7084aa09f61b341703901a3,SSD Kingston A2000 500Go,59.0,40
6025d18fe48abd45168528f18a82e265dd98d421a7084aa09f61b341703901a3,Clé USB Samsung Bar Plus 256Go,69.0,25
6025d18fe48abd45168528f18a82e265dd98d421a7084aa09f61b341703901a3,Clé USB Lexar 512Go,69.0,15
6025d18fe48abd45168528f18a82e265dd98d421a7084aa09f61b341703901a3,Barrette RAM Crucial Ballistix 16Go DDR4,79.0,40
6025d18fe48abd45168528f18a82e265dd98d421a7084aa09f61b341703901a3,Souris Logitech MX Master 3,89.0,50
6025d18fe48abd45168528f18a82e265dd98d421a7084aa09f61b341703901a3,Station d'accueil USB-C Anker,89.0,28
6025d18fe48abd45168528f18a82e265dd98d421a7084aa09f61b341703901a3,Disque dur externe WD 4To,99.0,35
6025d18fe48abd45168528f18a82e265dd98d421a7084aa09f61b341703901a3,Souris verticale Logitech MX Vertical,99.0,25
6025d18fe48abd45168528f18a82e265dd98d421a7084aa09f61b341703901a3,Clavier ergonomique Microsoft Sculpt,99.0,15
6025d18fe48abd45168528f18a82e265dd98d421a7084aa09f61b341703901a3,Disque SSD interne Crucial P5 1To,109.0,12
6025d18fe48abd45168528f18a82e265dd98d421a7084aa09f61b341703901a3,Disque dur externe LaCie 2TB,119.0,15
6025d18fe48abd45168528f18a82e265dd98d421a7084aa09f61b341703901a3,Webcam Logitech StreamCam,129.0,20
6025d18fe48abd45168528f18a82e265dd98d421a7084aa09f61b341703901a3,Alimentation Corsair RM850x 850W,129.0,20
6025d18fe48abd45168528f18a82e265dd98d421a7084aa09f61b341703901a3,Clavier gamer Razer Huntsman Mini,129.0,15
6025d18fe48abd45168528f18a82e265dd98d421a7084aa09f61b341703901a3,Boîtier PC Lian Li PC-011 Dynamic,139.0,8
6025d18fe48abd45168528f18a82e265dd98d421a7084aa09f61b341703901a3,Station d'accueil USB-C HyperDrive,149.0,15
6025d18fe48abd45168528f18a82e265dd98d421a7084aa09f61b341703901a3,Boîtier PC fractal Design Meshify 2,149.0,12
6025d18fe48abd45168528f18a82e265dd98d421a7084aa09f61b341703901a3,Carte son externe Focusrite Scarlett 2i2,159.0,20
6025d18fe48abd45168528f18a82e265dd98d421a7084aa09f61b341703901a3,Casque gamer SteelSeries Arctis 7,179.0,15
6025d18fe48abd45168528f18a82e265dd98d421a7084aa09f61b341703901a3,Carte mère ASUS ROG Strix B550-F,199.0,25
6025d18fe48abd45168528f18a82e265dd98d421a7084aa09f61b341703901a3,Support pour moniteur ajustable Ergotron LX,199.0,12
6025d18fe48abd45168528f18a82e265dd98d421a7084aa09f61b341703901a3,Webcam Razer Kiyo Pro,199.0,5
6025d18fe48abd45168528f18a82e265dd98d421a7084aa09f61b341703901a3,Imprimante 3D Creality Ender 3 V2,239.0,20
6025d18fe48abd45168528f18a82e265dd98d421a7084aa09f61b341703901a3,Imprimante Epson EcoTank ET-2850,249.0,12
6025d18fe48abd45168528f18a82e265dd98d421a7084aa09f61b341703901a3,Hub Thunderbolt 3 Anker,249.0,8
6025d18fe48abd45168528f18a82e265dd98d421a7084aa09f61b341703901a3,Disque SSD interne Samsung 970 EVO 2To,299.0,12
6025d18fe48abd45168528f18a82e265dd98d421a7084aa09f61b341703901a3,Casque sans fil Bose QuietComfort 45,299.0,10
6025d18fe48abd45168528f18a82e265dd98d421a7084aa09f61b341703901a3,Processeur AMD Ryzen 7 5800X,349.0,15
6025d18fe48abd45168528f18a82e265dd98d421a7084aa09f61b341703901a3,Tablette graphique Wacom Intuos Pro,349.0,10
6025d18fe48abd45168528f18a82e265dd98d421a7084aa09f61b341703901a3,Ecran Samsung 27 4K UHD,399.0,15
6025d18fe48abd45168528f18a82e265dd98d421a7084aa09f61b341703901a3,Tablette graphique Huion Kamvas Pro 16,399.0,5
6025d18fe48abd45168528f18a82e265dd98d421a7084aa09f61b341703901a3,Routeur Wi-Fi Netgear Nighthawk AX12,449.0,6
6025d18fe48abd45168528f18a82e265dd98d421a7084aa09f61b341703901a3,Caméra GoPro Hero 11 Black,499.0,5
6025d18fe48abd45168528f18a82e265dd98d421a7084aa09f61b341703901a3,Mini PC Intel NUC 11,599.0,10
6025d18fe48abd45168528f18a82e265dd98d421a7084aa09f61b341703901a3,Carte graphique AMD Radeon RX 6800 XT,649.0,8
6025d18fe48abd45168528f18a82e265dd98d421a7084aa09f61b341703901a3,Ecran Samsung Odyssey G7 32,799.0,8
6025d18fe48abd45168528f18a82e265dd98d421a7084aa09f61b341703901a3,Ecran Philips 49 SuperWide,899.0,8
6025d18fe48abd45168528f18a82e265dd98d421a7084aa09f61b341703901a3,Tablette Apple iPad Pro 12.9,1099.0,10
6025d18fe48abd45168528f18a82e265dd98d421a7084aa09f61b341703901a3,Carte graphique NVIDIA RTX 4090,1599.0,5
